ilkid,firstname,lastname,year,team,team-name,leag,gp,minutes,pts,oreb,dreb,reb,asts,stl,blk,turnover,pf,fga,fgm,fta,ftm,tpa,tpm,position,salary
AfflaAr01,Arron,Afflalo,2009,DEN,Denver Nuggets,N,82,2230,724,59,193,252,138,46,30,74,225,585,272,98,72,249,108,Guard,1086240
AjincAl01,Alexis,Ajinca,2009,CHR,Charlotte Bobcats,N,6,30,10,1,3,4,0,1,1,2,5,10,5,1,0,0,0,Center,1372080
AldriLa01,LaMarcus,Aldridge,2009,POR,Portland Trail Blazers,N,78,2922,1393,192,435,627,160,67,48,104,231,1169,579,304,230,16,5,Forward,5844824
AlexaJo01,Joe,Alexander,2009,CHI,Chicago Bulls,N,8,29,4,2,3,5,2,1,1,0,9,6,1,3,2,1,0,Forward,2583360
AllenMa01,Malik,Allen,2009,DEN,Denver Nuggets,N,51,456,105,36,46,82,16,11,5,22,68,116,46,13,12,6,1,Forward,1300000
AllenRa02,Ray,Allen,2009,BOS,Boston Celtics,N,80,2819,1304,45,208,253,210,64,25,129,182,973,464,253,231,399,145,Guard,18776848
AllenTo01,Tony,Allen,2009,BOS,Boston Celtics,N,54,889,330,52,93,145,72,59,19,66,109,253,129,119,72,5,0,Guard,2500000
AlstoRa01,Rafer,Alston,2009,NJN,New Jersey Nets,N,27,766,262,9,66,75,104,27,5,61,50,277,95,54,44,87,28,Guard,4300000
AmundLo01,Louis,Amundson,2009,PHO,Phoenix Suns,N,79,1168,371,128,218,346,31,24,73,57,169,276,152,123,67,1,0,Forward,855189
AnderAn02,Antonio,Anderson,2009,OKC,Oklahoma City Thunder,N,1,15,2,1,0,1,0,0,0,1,1,3,1,0,0,0,0,Guard,53834
AnderCh01,Chris,Andersen,2009,DEN,Denver Nuggets,N,76,1692,448,147,336,483,33,42,143,59,171,251,142,236,164,3,0,Forward,3650000
AnderDa03,David,Andersen,2009,HOU,Houston Rockets,N,63,891,367,54,154,208,44,15,12,37,119,340,147,67,46,78,27,Center,2314814
AnderRy01,Ryan,Anderson,2009,ORL,Orlando Magic,N,63,910,487,70,132,202,37,25,14,56,81,388,169,82,71,211,78,Forward,1317120
AnthoCa01,Carmelo,Anthony,2009,DEN,Denver Nuggets,N,69,2634,1943,152,302,454,222,88,30,209,225,1502,688,612,508,187,59,Forward,15779912
AnthoJo01,Joel,Anthony,2009,MIA,Miami Heat,N,80,1322,218,123,126,249,12,20,109,45,158,159,76,92,66,0,0,Center,825497
ArenaGi01,Gilbert,Arenas,2009,WAS,Washington Wizards,N,32,1169,722,17,116,133,230,41,9,117,95,616,253,207,153,181,63,Guard,16192072
ArizaTr01,Trevor,Ariza,2009,HOU,Houston Rockets,N,72,2629,1072,78,325,403,276,126,40,161,162,999,394,228,148,407,136,Forward,5854000
ArmstHi01,Hilton,Armstrong,2009,HOU,Houston Rockets,N,9,40,10,5,1,6,3,5,0,5,10,17,5,2,0,1,0,Center,2801198
ArroyCa01,Carlos,Arroyo,2009,MIA,Miami Heat,N,72,1585,439,26,104,130,225,36,6,54,102,375,178,90,76,25,7,Guard,1107572
ArthuDa01,Darrell,Arthur,2009,MEM,Memphis Grizzlies,N,32,457,143,37,73,110,15,14,14,22,60,146,63,30,17,1,0,Forward,1050480
AugusDJ01,D.J.,Augustin,2009,CHR,Charlotte Bobcats,N,80,1472,508,11,86,97,193,45,5,74,127,435,168,131,102,178,70,Guard,2374680
AzubuKe01,Kelenna,Azubuike,2009,GSW,Golden State Warriors,N,9,231,125,12,29,41,10,5,9,7,16,88,48,28,19,27,10,Forward,3100000
BalkmRe01,Renaldo,Balkman,2009,DEN,Denver Nuggets,N,13,91,14,4,19,23,7,8,2,6,16,18,6,6,2,7,0,Forward,2112416
BanksMa01,Marcus,Banks,2009,TOR,Toronto Raptors,N,22,244,109,3,20,23,26,12,2,20,30,73,39,29,24,24,7,Guard,4553792
BarboLe01,Leandro,Barbosa,2009,PHO,Phoenix Suns,N,44,786,418,11,58,69,64,23,12,46,71,365,155,73,64,136,44,Guard,6600000
BargnAn01,Andrea,Bargnani,2009,TOR,Toronto Raptors,N,80,2799,1376,105,388,493,93,25,111,120,215,1143,537,234,181,325,121,Center,6527488
BarneMa02,Matt,Barnes,2009,ORL,Orlando Magic,N,81,2097,716,106,339,445,134,59,30,112,185,557,271,146,108,207,66,Forward,1600000
BarroEa01,Earl,Barron,2009,NYK,New York Knicks,N,7,232,82,31,46,77,8,4,4,11,24,68,30,29,22,0,0,Forward,65397
BassBr01,Brandon,Bass,2009,ORL,Orlando Magic,N,50,648,290,54,73,127,19,12,27,31,69,233,119,63,52,0,0,Forward,4000000
BattiSh01,Shane,Battier,2009,HOU,Houston Rockets,N,67,2168,534,74,238,312,164,53,76,64,139,447,178,106,77,279,101,Forward,6864200
BattiTo01,Tony,Battie,2009,NJN,New Jersey Nets,N,15,134,36,4,19,23,3,4,2,3,19,40,14,10,7,4,1,Center,6292000
BatumNi01,Nicolas,Batum,2009,POR,Portland Trail Blazers,N,37,918,375,32,109,141,44,24,25,27,83,268,139,51,43,132,54,Forward,1118760
BayleJe01,Jerryd,Bayless,2009,POR,Portland Trail Blazers,N,74,1304,630,18,102,120,172,26,5,94,152,483,200,242,201,92,29,Guard,2143080
BeaslMi01,Michael,Beasley,2009,MIA,Miami Heat,N,78,2328,1156,123,375,498,100,80,49,131,221,1040,468,240,192,102,28,Forward,4638600
BelinMa01,Marco,Belinelli,2009,TOR,Toronto Raptors,N,66,1121,469,14,81,95,89,42,5,60,80,379,154,121,101,158,60,Guard,1547640
BellRa01,Raja,Bell,2009,GSW,Golden State Warriors,N,1,23,11,0,2,2,3,0,0,0,2,6,4,0,0,3,3,Guard,5250000
BendeJo01,Jonathan,Bender,2009,NYK,New York Knicks,N,25,292,118,15,37,52,16,2,17,28,33,100,40,26,24,39,14,Forward,825180
BibbyMi01,Mike,Bibby,2009,ATL,Atlanta Hawks,N,80,2195,730,20,164,184,310,67,3,90,157,644,268,79,68,324,126,Guard,6217616
BiedrAn01,Andris,Biedrins,2009,GSW,Golden State Warriors,N,33,763,166,63,196,259,57,20,44,32,117,137,81,25,4,0,0,Center,9000000
BilluCh01,Chauncey,Billups,2009,DEN,Denver Nuggets,N,73,2490,1427,25,203,228,409,82,9,177,153,962,402,512,466,407,157,Guard,12100000
BlairDe01,DeJuan,Blair,2009,SAS,San Antonio Spurs,N,82,1494,638,200,326,526,65,50,39,112,224,495,275,161,88,2,0,Forward,850000
BlakeSt01,Steve,Blake,2009,POR,Portland Trail Blazers,N,51,1397,388,15,103,118,203,37,2,65,84,355,143,32,24,207,78,Guard,4590000
BlatcAn01,Andray,Blatche,2009,WAS,Washington Wizards,N,81,2256,1143,158,351,509,170,85,71,182,218,999,478,234,174,44,13,Center,3000000
BoganKe01,Keith,Bogans,2009,SAS,San Antonio Spurs,N,79,1559,347,25,151,176,95,45,12,53,156,298,120,50,37,196,70,Forward,1033342
BogutAn01,Andrew,Bogut,2009,MIL,Milwaukee Bucks,N,69,2229,1095,208,493,701,127,39,175,131,222,910,473,237,149,2,0,Center,10000000
BonneMa01,Matt,Bonner,2009,SAS,San Antonio Spurs,N,65,1161,457,52,162,214,68,30,24,39,109,372,166,48,35,231,90,Center,3267000
BooneJo01,Josh,Boone,2009,NJN,New Jersey Nets,N,63,1045,253,124,191,315,29,30,48,37,111,223,117,58,19,0,0,Center,2056968
BoozeCa01,Carlos,Boozer,2009,UTA,Utah Jazz,N,78,2673,1519,181,693,874,247,84,36,212,270,1098,617,384,285,0,0,Forward,12323896
BoshCh01,Chris,Bosh,2009,TOR,Toronto Raptors,N,70,2526,1678,205,554,759,166,43,68,169,170,1158,600,590,470,22,8,Forward,15779912
BowenRy01,Ryan,Bowen,2009,OKC,Oklahoma City Thunder,N,1,8,4,1,1,2,0,1,0,0,2,1,1,2,2,0,0,Forward,209592
BoykiEa01,Earl,Boykins,2009,WAS,Washington Wizards,N,67,1117,440,17,58,75,171,24,3,69,48,403,172,89,77,60,19,Guard,1191180
BrandEl01,Elton,Brand,2009,PHI,Philadelphia 76ers,N,76,2297,996,179,282,461,109,82,80,131,232,858,412,233,172,1,0,Forward,14858472
BreweCo01,Corey,Brewer,2009,MIN,Minnesota Timberwolves,N,82,2482,1066,70,209,279,193,117,29,164,224,949,409,256,166,237,82,Forward,2916120
BreweRo02,Ronnie,Brewer,2009,MEM,Memphis Grizzlies,N,5,80,10,1,6,7,3,6,0,2,0,13,3,5,4,0,0,Guard,2717160
BrezePr01,Primoz,Brezec,2009,MIL,Milwaukee Bucks,N,14,59,14,6,7,13,1,0,2,2,10,13,7,4,0,0,0,Center,1107572
BrockJo01,Jon,Brockman,2009,SAC,Sacramento Kings,N,52,654,147,105,108,213,22,15,5,23,115,103,55,62,37,0,0,Forward,457588
BrookAa01,Aaron,Brooks,2009,HOU,Houston Rockets,N,82,2919,1604,54,161,215,434,69,14,232,199,1331,575,298,245,525,209,Guard,1118520
BrownDe02,Devin,Brown,2009,CHI,Chicago Bulls,N,11,93,20,2,13,15,7,3,1,5,10,36,8,0,0,17,4,Guard,1107572
BrownDe04,Derrick,Brown,2009,CHR,Charlotte Bobcats,N,57,535,186,31,47,78,19,21,10,19,53,147,68,72,48,7,2,Forward,457588
BrownKw01,Kwame,Brown,2009,DET,Detroit Pistons,N,48,660,157,53,124,177,22,15,12,43,93,124,62,98,33,1,0,Center,4000000
BrownSh01,Shannon,Brown,2009,LAL,Los Angeles Lakers,N,82,1700,667,30,153,183,108,57,31,67,129,592,253,121,99,189,62,Guard,797581
BryanKo01,Kobe,Bryant,2009,LAL,Los Angeles Lakers,N,73,2835,1970,78,313,391,365,113,20,233,187,1569,716,541,439,301,99,Guard,21262496
BudinCh01,Chase,Budinger,2009,HOU,Houston Rockets,N,74,1488,657,38,182,220,88,34,11,48,85,565,249,87,67,249,92,Forward,725000
ButleCa01,Caron,Butler,2009,DAL,Dallas Mavericks,N,27,930,410,36,109,145,49,48,9,47,67,357,157,104,79,50,17,Forward,10030968
BynumAn01,Andrew,Bynum,2009,LAL,Los Angeles Lakers,N,65,1977,977,177,364,541,68,35,94,115,193,688,392,261,193,1,0,Center,2769300
BynumWi01,Will,Bynum,2009,DET,Detroit Pistons,N,63,1667,628,24,118,142,283,55,7,115,143,534,237,178,142,55,12,Guard,825497
CaldeJo01,Jose,Calderon,2009,TOR,Toronto Raptors,N,68,1817,699,23,119,142,404,47,7,99,135,568,274,104,83,171,68,Guard,8219008
CambyMa01,Marcus,Camby,2009,POR,Portland Trail Blazers,N,23,718,162,83,172,255,35,26,47,27,56,145,72,31,18,1,0,Center,9150000
CarneRo01,Rodney,Carney,2009,PHI,Philadelphia 76ers,N,68,857,319,26,111,137,37,25,20,21,79,282,113,63,52,135,41,Forward,855189
CarroDe01,DeMarre,Carroll,2009,MEM,Memphis Grizzlies,N,71,795,209,53,97,150,33,28,9,24,107,222,88,53,33,6,0,Forward,1009680
CarroMa01,Matt,Carroll,2009,DAL,Dallas Mavericks,N,25,121,46,4,8,12,6,5,0,7,13,50,18,6,6,19,4,Guard,4700000
CarteAn01,Anthony,Carter,2009,DEN,Denver Nuggets,N,54,859,180,17,72,89,160,39,13,58,72,181,76,13,11,63,17,Guard,1306455
CarteVi01,Vince,Carter,2009,ORL,Orlando Magic,N,75,2310,1244,33,260,293,236,53,18,106,189,1015,434,306,257,324,119,Guard,16123248
CasspOm01,Omri,Casspi,2009,SAC,Sacramento Kings,N,77,1931,792,75,274,349,95,54,17,98,125,672,300,174,117,203,75,Forward,1167000
ChalmMa01,Mario,Chalmers,2009,MIA,Miami Heat,N,73,1807,521,25,110,135,246,91,12,123,175,454,182,110,82,236,75,Guard,756000
ChandTy01,Tyson,Chandler,2009,CHR,Charlotte Bobcats,N,51,1163,333,114,206,320,16,17,55,91,138,190,109,157,115,0,0,Center,12300000
ChandWi01,Wilson,Chandler,2009,NYK,New York Knicks,N,65,2320,993,93,255,348,138,46,49,108,184,860,412,160,129,150,40,Forward,1255440
ClarkEa01,Earl,Clark,2009,PHO,Phoenix Suns,N,51,383,140,18,44,62,21,7,13,23,25,151,56,36,26,5,2,Forward,1766280
ColliDa01,Darren,Collison,2009,NOH,New Orleans Hornets,N,76,2109,946,41,151,192,432,78,4,202,92,789,376,174,148,115,46,Guard,1266120
ColliJa03,Jason,Collins,2009,ATL,Atlanta Hawks,N,24,115,16,5,9,14,4,3,2,5,21,23,8,2,0,1,0,Center,1181803
ColliJa04,Jarron,Collins,2009,PHO,Phoenix Suns,N,34,260,34,22,40,62,6,2,3,10,42,31,12,25,10,0,0,Center,1181803
ColliMa01,Mardy,Collins,2009,LAC,Los Angeles Clippers,N,43,470,111,13,37,50,44,23,1,32,45,128,47,21,13,17,4,Guard,1034760
ColliNi01,Nick,Collison,2009,OKC,Oklahoma City Thunder,N,75,1557,439,152,232,384,38,37,48,63,230,309,182,107,74,4,1,Forward,6250000
ConleMi01,Mike,Conley,2009,MEM,Memphis Grizzlies,N,80,2569,959,30,161,191,425,109,12,170,178,830,369,187,139,212,82,Guard,3883800
ConroWi01,Will,Conroy,2009,HOU,Houston Rockets,N,5,36,6,0,3,3,7,0,0,4,5,10,3,2,0,3,0,Guard,86638
CookBr01,Brian,Cook,2009,HOU,Houston Rockets,N,15,44,21,1,8,9,1,0,2,6,5,23,7,7,5,9,2,Forward,3500000
CrawfJa01,Jamal,Crawford,2009,ATL,Atlanta Hawks,N,79,2460,1425,34,167,201,238,61,12,137,132,1105,496,315,270,427,163,Guard,9360000
CunniDa01,Dante,Cunningham,2009,POR,Portland Trail Blazers,N,63,707,243,54,106,160,14,24,22,15,97,214,106,48,31,2,0,Forward,457588
CurryEd01,Eddy,Curry,2009,NYK,New York Knicks,N,7,62,26,4,9,13,0,0,1,13,13,21,8,17,10,0,0,Center,10500416
CurrySt01,Stephen,Curry,2009,GSW,Golden State Warriors,N,80,2896,1399,48,308,356,472,152,19,244,252,1143,528,200,177,380,166,Guard,2710560
DampiEr01,Erick,Dampier,2009,DAL,Dallas Mavericks,N,55,1280,328,128,272,400,31,15,77,61,153,213,133,101,61,3,1,Center,12115496
DanieMa01,Marquis,Daniels,2009,BOS,Boston Celtics,N,51,937,288,27,68,95,66,27,6,42,91,249,124,56,34,28,6,Guard,1990000
DavisBa01,Baron,Davis,2009,LAC,Los Angeles Clippers,N,75,2523,1145,52,214,266,598,126,43,211,210,1015,412,291,239,296,82,Guard,11250000
DavisGl01,Glen,Davis,2009,BOS,Boston Celtics,N,54,933,340,101,104,205,35,21,14,53,132,279,122,138,96,4,0,Forward,3000000
DavisPa01,Paul,Davis,2009,WAS,Washington Wizards,N,2,8,5,0,0,0,3,0,1,0,0,4,2,2,1,0,0,Center,80488
DavisRi01,Ricky,Davis,2009,LAC,Los Angeles Clippers,N,36,499,158,10,47,57,39,11,3,29,39,143,62,31,18,42,16,Forward,2300000
DayeAu01,Austin,Daye,2009,DET,Detroit Pistons,N,69,915,349,34,140,174,34,25,26,48,114,295,137,56,46,95,29,Forward,1677840
DelfiCa01,Carlos,Delfino,2009,MIL,Milwaukee Bucks,N,75,2279,825,51,343,394,202,80,21,119,138,732,299,119,93,365,134,Guard,3500000
DengLu01,Luol,Deng,2009,CHI,Chicago Bulls,N,70,2651,1230,131,381,512,143,66,61,134,129,1014,473,330,252,83,32,Forward,10365000
DeRozDe01,DeMar,DeRozan,2009,TOR,Toronto Raptors,N,77,1664,662,66,157,223,53,43,18,62,176,512,255,194,148,16,4,Forward,2304240
DiawaYa01,Yakhouba,Diawara,2009,MIA,Miami Heat,N,6,44,5,1,3,4,3,1,0,3,8,10,2,0,0,6,1,Forward,886400
DiawBo01,Boris,Diaw,2009,CHR,Charlotte Bobcats,N,82,2906,925,131,293,424,325,60,57,178,219,773,373,147,113,206,66,Forward,9000000
DieneTr01,Travis,Diener,2009,IND,Indiana Pacers,N,4,25,3,0,2,2,4,3,0,0,1,6,1,2,0,5,1,Guard,1740000
DiopDe01,DeSagana,Diop,2009,CHR,Charlotte Bobcats,N,27,262,32,24,41,65,5,5,14,12,31,29,15,9,2,0,0,Center,6031800
DooliKe01,Keyon,Dooling,2009,NJN,New Jersey Nets,N,53,971,364,8,46,54,135,34,0,59,82,324,129,61,47,157,59,Guard,3500000
DouglTo01,Toney,Douglas,2009,NYK,New York Knicks,N,56,1087,481,40,68,108,112,42,3,55,116,391,179,68,55,175,68,Guard,996240
DragiGo01,Goran,Dragic,2009,PHO,Phoenix Suns,N,80,1442,635,38,133,171,241,48,8,126,131,491,222,159,117,188,74,Guard,1836000
DudleJa01,Jared,Dudley,2009,PHO,Phoenix Suns,N,82,1991,674,99,182,281,115,81,16,68,162,490,225,138,104,262,120,Forward,1307640
DuhonCh01,Chris,Duhon,2009,NYK,New York Knicks,N,67,2072,494,28,150,178,378,59,3,110,83,451,168,95,68,258,90,Guard,6031800
DuncaTi01,Tim,Duncan,2009,SAS,San Antonio Spurs,N,78,2438,1395,221,567,788,246,45,117,140,152,1082,561,374,271,11,2,Forward,22183216
DunleMi02,Mike,Dunleavy,2009,IND,Indiana Pacers,N,67,1486,666,25,211,236,103,38,15,72,105,558,229,158,133,236,75,Forward,9780992
DuranKe01,Kevin,Durant,2009,OKC,Oklahoma City Thunder,N,82,3239,2472,105,518,623,231,112,84,271,171,1668,794,840,756,351,128,Forward,4796880
EllinWa01,Wayne,Ellington,2009,MIN,Minnesota Timberwolves,N,76,1384,505,33,126,159,74,20,5,74,72,448,190,70,61,162,64,Guard,1003560
EllisMo01,Monta,Ellis,2009,GSW,Golden State Warriors,N,64,2647,1631,47,210,257,340,143,25,243,189,1406,631,388,292,228,77,Guard,11000000
ElsonFr01,Francisco,Elson,2009,PHI,Philadelphia 76ers,N,1,4,2,1,0,1,0,0,0,0,0,2,1,3,0,0,0,Center,1700000
EvansMa01,Maurice,Evans,2009,ATL,Atlanta Hawks,N,79,1317,453,59,95,154,48,34,17,20,125,393,175,61,46,169,57,Forward,2500000
EvansRe01,Reggie,Evans,2009,TOR,Toronto Raptors,N,28,311,95,30,75,105,8,14,4,22,44,69,34,60,27,0,0,Forward,4960000
EvansTy01,Tyreke,Evans,2009,SAC,Sacramento Kings,N,72,2677,1450,66,314,380,414,109,26,216,204,1165,533,465,348,141,36,Guard,3610080
FarmaJo01,Jordan,Farmar,2009,LAL,Los Angeles Lakers,N,82,1474,591,14,117,131,127,52,11,72,109,515,224,85,57,229,86,Guard,1080000
FeltoRa01,Raymond,Felton,2009,CHR,Charlotte Bobcats,N,80,2643,968,53,235,288,446,123,22,168,172,846,388,173,132,156,60,Guard,5501196
FernaRu01,Rudy,Fernandez,2009,POR,Portland Trail Blazers,N,62,1441,503,35,129,164,127,62,11,72,87,423,160,98,85,266,98,Guard,1165320
FesenKy01,Kyrylo,Fesenko,2009,UTA,Utah Jazz,N,49,408,128,33,57,90,15,6,19,24,78,95,52,57,24,1,0,Center,870000
FinleMi01,Michael,Finley,2009,SAS,San Antonio Spurs,N,25,395,93,5,33,38,19,6,4,13,12,97,37,9,6,41,13,Forward,2500000
FisheDe01,Derek,Fisher,2009,LAL,Los Angeles Lakers,N,82,2227,615,25,145,170,201,90,9,78,202,558,212,132,113,224,78,Guard,4700000
FlynnJo01,Jonny,Flynn,2009,MIN,Minnesota Timberwolves,N,81,2339,1094,24,167,191,356,82,2,233,98,952,397,270,223,215,77,Guard,2969280
FordTJ01,T.J.,Ford,2009,IND,Indiana Pacers,N,47,1189,484,41,108,149,180,44,11,90,102,418,186,135,104,50,8,Guard,8500000
FosteJe01,Jeff,Foster,2009,IND,Indiana Pacers,N,16,255,49,34,47,81,21,3,4,14,45,46,22,9,5,1,0,Center,6007500
FoyeRa01,Randy,Foye,2009,WAS,Washington Wizards,N,70,1667,704,16,114,130,228,33,10,94,123,619,256,145,129,182,63,Guard,3575760
FryeCh01,Channing,Frye,2009,PHO,Phoenix Suns,N,81,2190,904,66,361,427,113,64,74,73,263,703,317,121,98,392,172,Forward,1990000
GaineSu01,Sundiata,Gaines,2009,UTA,Utah Jazz,N,32,217,106,6,23,29,39,12,0,14,17,82,38,46,23,26,7,Guard,271861
GalliDa01,Danilo,Gallinari,2009,NYK,New York Knicks,N,81,2747,1221,65,333,398,135,75,58,110,191,927,392,307,251,488,186,Forward,3089040
GarciFr01,Francisco,Garcia,2009,SAC,Sacramento Kings,N,25,575,202,11,55,66,45,10,19,21,49,176,82,17,15,59,23,Guard,5800000
GarneKe01,Kevin,Garnett,2009,BOS,Boston Celtics,N,69,2060,990,78,428,506,185,68,57,101,170,772,402,221,185,5,1,Forward,16417040
GasolMa01,Marc,Gasol,2009,MEM,Memphis Grizzlies,N,69,2469,1008,208,432,640,165,69,109,135,254,651,378,376,252,1,0,Center,3340800
GasolPa01,Pau,Gasol,2009,LAL,Los Angeles Lakers,N,65,2403,1190,243,491,734,218,37,113,143,152,844,452,362,286,5,0,Forward,15106000
GayRu01,Rudy,Gay,2009,MEM,Memphis Grizzlies,N,80,3175,1567,115,357,472,153,118,64,169,201,1288,600,400,301,202,66,Forward,3280996
GeeAl01,Alonzo,Gee,2009,WAS,Washington Wizards,N,11,182,81,15,18,33,7,7,1,10,13,59,28,29,18,9,7,Guard,53834
GeorgDe01,Devean,George,2009,GSW,Golden State Warriors,N,45,761,242,21,93,114,32,41,10,15,89,206,89,23,16,123,48,Forward,1768000
GibsoDa01,Daniel,Gibson,2009,CLE,Cleveland Cavaliers,N,56,1068,355,13,60,73,70,25,7,36,79,268,125,49,34,149,71,Guard,4088500
GibsoTa01,Taj,Gibson,2009,CHI,Chicago Bulls,N,82,2204,735,226,385,611,70,50,104,114,282,629,311,175,113,0,0,Forward,1039800
GiddeJR01,J.R.,Giddens,2009,NYK,New York Knicks,N,11,140,45,12,19,31,7,5,1,10,19,39,19,11,7,8,0,Guard,1028880
GildeTr01,Trey,Gilder,2009,MEM,Memphis Grizzlies,N,2,5,2,0,1,1,0,1,0,0,0,1,1,0,0,0,0,Forward,26917
GinobEm01,Manu,Ginobili,2009,SAS,San Antonio Spurs,N,75,2150,1237,68,216,284,370,103,24,154,154,903,398,355,309,350,132,Guard,10728128
GordoBe01,Ben,Gordon,2009,DET,Detroit Pistons,N,62,1730,855,26,93,119,166,49,6,118,147,699,291,230,198,234,75,Guard,10000000
GordoEr01,Eric,Gordon,2009,LAC,Los Angeles Clippers,N,62,2229,1045,25,135,160,186,69,14,144,96,784,352,299,222,321,119,Guard,2623200
GortaMa01,Marcin,Gortat,2009,ORL,Orlando Magic,N,81,1088,293,104,237,341,17,17,70,46,138,227,121,75,51,3,0,Forward,5854000
GrahaSt01,Stephen,Graham,2009,CHR,Charlotte Bobcats,N,70,804,296,24,111,135,23,20,10,36,94,240,119,65,42,50,16,Guard,825497
GrangDa01,Danny,Granger,2009,IND,Indiana Pacers,N,62,2278,1497,67,275,342,171,94,51,157,183,1139,488,428,363,438,158,Forward,9930496
GrayAa01,Aaron,Gray,2009,NOH,New Orleans Hornets,N,24,261,86,40,50,90,20,9,11,17,44,61,34,21,18,0,0,Center,1000497
GreenDa02,Danny,Green,2009,CLE,Cleveland Cavaliers,N,20,115,40,8,9,17,5,6,3,5,9,39,15,6,4,22,6,Guard,457588
GreenDo01,Donte,Greene,2009,SAC,Sacramento Kings,N,76,1630,647,53,181,234,71,41,53,93,150,553,244,140,90,183,69,Forward,971160
GreenJe02,Jeff,Green,2009,OKC,Oklahoma City Thunder,N,82,3043,1239,112,378,490,134,104,72,135,221,1070,485,223,165,312,104,Forward,3516960
GreenWi01,Willie,Green,2009,PHI,Philadelphia 76ers,N,73,1553,638,20,109,129,152,32,11,67,135,543,248,114,95,136,47,Guard,3682000
GriffTa01,Taylor,Griffin,2009,PHO,Phoenix Suns,N,8,32,10,0,2,2,1,0,2,1,4,10,4,4,2,2,0,Forward,457588
HaddaHa01,Hamed,Haddadi,2009,MEM,Memphis Grizzlies,N,36,240,62,26,49,75,10,1,14,20,57,62,24,19,14,3,0,Center,1697999
HairsMa01,Malik,Hairston,2009,SAS,San Antonio Spurs,N,47,317,99,13,36,49,16,4,9,11,29,76,40,30,17,11,2,Guard,736420
HaislMa01,Marcus,Haislip,2009,SAS,San Antonio Spurs,N,10,44,25,4,6,10,0,0,2,3,5,21,10,5,2,5,3,Forward,855189
HamilRi01,Richard,Hamilton,2009,DET,Detroit Pistons,N,46,1552,831,30,92,122,202,30,3,115,115,717,293,241,204,138,41,Guard,11625000
HansbTy01,Tyler,Hansbrough,2009,IND,Indiana Pacers,N,29,511,246,60,78,138,28,17,8,21,70,225,81,113,84,4,0,Forward,1859160
HardeJa01,James,Harden,2009,OKC,Oklahoma City Thunder,N,76,1738,753,47,197,244,137,80,20,106,200,578,233,240,194,248,93,Guard,4004160
HarriAl01,Al,Harrington,2009,NYK,New York Knicks,N,72,2195,1276,88,317,405,110,62,26,132,209,1030,448,317,240,409,140,Forward,10026872
HarriDe01,Devin,Harris,2009,NJN,New Jersey Nets,N,64,2221,1080,24,179,203,423,79,18,181,178,884,356,386,308,217,60,Guard,8400000
HarriMi01,Mike,Harris,2009,TOT,ALL,N,13,96,29,10,14,24,3,5,1,9,14,30,11,11,7,1,0,Forward,190283
HasleUd01,Udonis,Haslem,2009,MIA,Miami Heat,N,78,2177,771,167,462,629,52,30,23,75,174,632,312,193,147,0,0,Forward,7100000
HasseTr01,Trenton,Hassell,2009,NJN,New Jersey Nets,N,52,1106,232,56,96,152,50,17,9,47,91,219,90,69,52,5,0,Forward,4350000
HayesCh01,Chuck,Hayes,2009,HOU,Houston Rockets,N,82,1773,358,151,314,465,139,73,43,74,219,329,161,66,36,0,0,Forward,2117500
HayesJa01,Jarvis,Hayes,2009,NJN,New Jersey Nets,N,45,1032,350,9,99,108,40,29,9,28,91,328,138,18,14,179,60,Forward,2062800
HaywoBr01,Brendan,Haywood,2009,DAL,Dallas Mavericks,N,28,741,226,78,130,208,25,8,57,32,64,156,88,87,50,1,0,Center,6000000
HeadLu01,Luther,Head,2009,IND,Indiana Pacers,N,47,813,357,6,74,80,72,18,9,54,53,311,136,58,48,105,37,Guard,884881
HendeGe02,Gerald,Henderson,2009,CHR,Charlotte Bobcats,N,43,355,113,15,40,55,13,10,9,14,25,104,37,47,35,19,4,Guard,1957080
HibbeRo01,Roy,Hibbert,2009,IND,Indiana Pacers,N,81,2035,946,177,287,464,158,30,131,145,285,782,387,224,169,6,3,Center,1575360
HicksJJ01,J.J.,Hickson,2009,CLE,Cleveland Cavaliers,N,81,1691,689,110,290,400,40,36,39,92,132,522,289,163,111,1,0,Forward,1429200
HilarNe01,Nene,Hilario,2009,DEN,Denver Nuggets,N,82,2755,1135,166,461,627,203,115,82,125,281,717,421,416,293,2,0,Forward,9680000
HillGe01,George,Hill,2009,SAS,San Antonio Spurs,N,78,2276,964,42,163,205,226,69,26,101,222,738,353,237,183,188,75,Guard,1081680
HillGr01,Grant,Hill,2009,PHO,Phoenix Suns,N,81,2430,912,74,371,445,193,60,36,108,165,703,336,251,205,80,35,Forward,3000000
HillJo01,Jordan,Hill,2009,HOU,Houston Rockets,N,23,372,147,44,70,114,13,4,12,18,55,109,58,47,31,0,0,Forward,2483280
HinriKi01,Kirk,Hinrich,2009,CHI,Chicago Bulls,N,74,2481,805,24,236,260,330,85,24,113,204,753,308,113,85,280,104,Guard,9500000
HolidJr01,Jrue,Holiday,2009,PHI,Philadelphia 76ers,N,73,1767,587,56,135,191,280,79,18,156,153,520,230,86,65,159,62,Guard,1514280
HolliRy01,Ryan,Hollins,2009,MIN,Minnesota Timberwolves,N,73,1223,447,79,128,207,51,19,38,95,199,303,169,158,109,1,0,Center,2183332
HorfoAl01,Al,Horford,2009,ATL,Atlanta Hawks,N,81,2845,1148,236,563,799,189,59,91,122,225,847,467,270,213,1,1,Center,4307640
HouseEd01,Eddie,House,2009,NYK,New York Knicks,N,18,371,115,6,34,40,37,12,0,20,20,133,44,12,12,60,15,Guard,2862000
HowarDw01,Dwight,Howard,2009,ORL,Orlando Magic,N,82,2843,1503,284,798,1082,144,75,228,274,287,834,510,816,483,7,0,Center,14410576
HowarJo01,Josh,Howard,2009,WAS,Washington Wizards,N,4,91,58,4,9,13,4,3,2,3,13,46,20,20,15,11,3,Forward,10890000
HowarJu01,Juwan,Howard,2009,POR,Portland Trail Blazers,N,73,1632,437,108,227,335,61,27,10,72,191,375,191,70,55,1,0,Forward,1306455
HudsoLe01,Lester,Hudson,2009,TOT,All,N,25,131,58,7,11,18,13,8,3,14,12,53,21,13,11,16,5,Guard,651390
HugheLa01,Larry,Hughes,2009,CHR,Charlotte Bobcats,N,14,295,114,7,25,32,28,12,4,19,17,107,35,34,29,42,15,Guard,261291
HumphKr01,Kris,Humphries,2009,NJN,New Jersey Nets,N,44,906,356,82,201,283,25,29,37,53,102,293,127,146,102,1,0,Forward,2900000
HunteCh01,Chris,Hunter,2009,GSW,Golden State Warriors,N,60,783,270,56,111,167,37,13,35,30,132,217,109,69,52,4,0,Forward,392987
HunteLi01,Lindsey,Hunter,2009,CHI,Chicago Bulls,N,13,122,13,1,13,14,9,1,0,4,12,30,5,2,2,13,1,Guard,1306455
HunteOt01,Othello,Hunter,2009,ATL,Atlanta Hawks,N,7,33,11,6,6,12,0,0,1,3,5,12,4,4,3,0,0,Forward,329223
HunteSt01,Steven,Hunter,2009,MEM,Memphis Grizzlies,N,21,158,53,18,24,42,0,1,10,9,10,43,17,36,19,0,0,Forward,3696000
IbakaSe01,Serge,Ibaka,2009,OKC,Oklahoma City Thunder,N,73,1323,461,138,259,397,10,25,97,68,194,370,201,92,58,2,1,Forward,1084080
IguodAn01,Andre,Iguodala,2009,PHI,Philadelphia 76ers,N,82,3192,1401,82,447,529,472,141,55,218,145,1120,496,430,315,303,94,Guard,12486496
IlgauZy01,Zydrunas,Ilgauskas,2009,CLE,Cleveland Cavaliers,N,64,1339,474,114,231,345,48,14,50,63,183,438,194,101,75,23,11,Center,1190000
IlyasEr01,Ersan,Ilyasova,2009,MIL,Milwaukee Bucks,N,81,1898,840,157,360,517,84,53,23,71,251,729,323,158,113,241,81,Forward,2100000
IversAl01,Allen,Iverson,2009,PHI,Philadelphia 76ers,N,25,798,348,15,60,75,102,18,2,57,43,290,121,119,98,24,8,Guard,1029794
IveyRo01,Royal,Ivey,2009,MIL,Milwaukee Bucks,N,18,90,23,1,7,8,10,9,0,6,14,28,9,5,3,11,2,Guard,1050000
JackJa01,Jarrett,Jack,2009,TOR,Toronto Raptors,N,82,2243,931,30,192,222,413,60,6,163,151,671,323,241,203,199,82,Guard,5000000
JacksCe02,Cedric,Jackson,2009,TOT,All,N,12,74,20,2,6,8,14,3,2,11,7,20,6,12,7,6,1,Guard,123818
JacksDa01,Darnell,Jackson,2009,CLE,Cleveland Cavaliers,N,27,114,21,8,12,20,4,2,4,13,19,25,8,6,4,3,1,Forward,736420
JacksSt02,Stephen,Jackson,2009,CHR,Charlotte Bobcats,N,72,2829,1518,72,294,366,258,118,37,233,181,1285,544,397,312,353,118,Forward,7650000
JamesLe01,LeBron,James,2009,CLE,Cleveland Cavaliers,N,76,2966,2258,71,483,554,651,125,77,261,119,1528,768,773,593,387,129,Forward,15779912
JamesMi01,Mike,James,2009,WAS,Washington Wizards,N,4,46,18,1,2,3,5,3,0,5,3,20,6,8,4,6,2,Guard,6466600
JamisAn01,Antawn,Jamison,2009,CLE,Cleveland Cavaliers,N,25,811,395,37,156,193,32,28,12,30,67,336,163,83,42,79,27,Forward,11641088
JawaiNa01,Nathan,Jawai,2009,MIN,Minnesota Timberwolves,N,39,412,124,49,55,104,24,10,9,27,58,111,49,38,26,1,0,Forward,736420
JeffeAl01,Al,Jefferson,2009,MIN,Minnesota Timberwolves,N,76,2463,1301,180,523,703,137,63,98,136,205,1125,560,266,181,4,0,Center,12000000
JeffeOt01,Othyus,Jeffers,2009,UTA,Utah Jazz,N,14,72,37,8,11,19,1,4,0,6,10,29,12,19,13,0,0,Forward,115743
JeffeRi01,Richard,Jefferson,2009,SAS,San Antonio Spurs,N,81,2520,994,58,298,356,158,45,40,105,178,775,362,287,211,187,59,Forward,14200000
JeffrJa01,Jared,Jeffries,2009,HOU,Houston Rockets,N,18,332,88,31,34,65,18,9,13,14,46,84,36,27,15,9,1,Center,6466600
JenniBr01,Brandon,Jennings,2009,MIL,Milwaukee Bucks,N,82,2671,1270,49,233,282,470,105,18,200,191,1216,451,273,223,388,145,Guard,2168520
JerebJo01,Jonas,Jerebko,2009,DET,Detroit Pistons,N,80,2232,741,194,284,478,58,79,29,82,230,603,290,176,125,115,36,Forward,457588
JianlYi01,Yi,Jianlian,2009,NJN,New Jersey Nets,N,52,1655,623,115,257,372,47,37,52,77,170,563,227,193,154,41,15,Forward,2986080
JohnsAm01,Amir,Johnson,2009,TOR,Toronto Raptors,N,82,1453,511,154,241,395,48,44,66,63,255,334,208,149,95,4,0,Forward,3666666
JohnsAn02,Anthony,Johnson,2009,ORL,Orlando Magic,N,31,406,130,8,40,48,63,11,1,26,32,111,49,20,19,39,13,Guard,1900000
JohnsJa01,James,Johnson,2009,CHI,Chicago Bulls,N,65,757,256,34,94,128,48,21,43,62,126,210,95,70,51,46,15,Forward,1594080
JohnsJo02,Joe,Johnson,2009,ATL,Atlanta Hawks,N,76,2886,1619,74,279,353,369,82,5,145,145,1386,635,269,220,350,129,Guard,14976752
JonesDa02,Dahntay,Jones,2009,IND,Indiana Pacers,N,76,1892,776,48,181,229,150,40,39,129,237,623,287,257,198,32,4,Guard,2500000
JonesDw02,Dwayne,Jones,2009,PHO,Phoenix Suns,N,2,7,0,0,2,2,0,0,0,0,1,0,0,0,0,0,0,Forward,52052
JonesJa02,James,Jones,2009,MIA,Miami Heat,N,36,503,146,4,41,45,17,11,4,11,45,119,43,28,23,90,37,Forward,4320000
JonesSo01,Solomon,Jones,2009,IND,Indiana Pacers,N,52,675,207,51,93,144,32,14,37,40,125,176,78,71,51,3,0,Forward,1620000
JordaDe01,DeAndre,Jordan,2009,LAC,Los Angeles Clippers,N,70,1137,336,122,230,352,21,16,62,75,152,238,144,128,48,2,0,Center,550000
KamanCh01,Chris,Kaman,2009,LAC,Los Angeles Clippers,N,76,2608,1408,184,520,704,120,37,94,223,213,1202,589,307,230,6,0,Center,9500000
KaponJa01,Jason,Kapono,2009,PHI,Philadelphia 76ers,N,57,976,324,14,52,66,39,21,6,34,80,301,126,15,9,171,63,Guard,6212960
KarlCo01,Coby,Karl,2009,TOT,All,N,7,113,28,4,14,18,15,3,1,10,14,32,11,6,4,11,2,Guard and Forward,360455
KiddJa01,Jason,Kidd,2009,DAL,Dallas Mavericks,N,80,2881,824,48,397,445,724,145,35,195,142,671,284,99,80,414,176,Guard,8100000
KirilAn01,Andrei,Kirilenko,2009,UTA,Utah Jazz,N,58,1681,688,76,188,264,158,83,71,79,102,482,244,234,174,89,26,Forward,16452000
KorveKy01,Kyle,Korver,2009,UTA,Utah Jazz,N,52,952,374,10,101,111,89,26,12,42,76,280,138,49,39,110,59,Guard,5263636
KoufoKo01,Kosta,Koufos,2009,UTA,Utah Jazz,N,36,172,53,16,29,45,6,2,4,15,26,47,22,15,9,0,0,Center,1214040
KrstiNe01,Nenad,Krstic,2009,OKC,Oklahoma City Thunder,N,76,1741,639,134,249,383,52,32,45,58,177,560,281,106,76,5,1,Center,5256400
LafayOl01,Oliver,Lafayette,2009,BOS,Boston Celtics,N,1,22,7,1,3,4,2,0,0,1,0,6,3,0,0,2,1,Guard,2692
LandrCa01,Carl,Landry,2009,SAC,Sacramento Kings,N,28,1054,504,66,116,182,26,27,17,50,88,379,197,147,109,3,1,Forward,3000000
LandrMa01,Marcus,Landry,2009,BOS,Boston Celtics,N,1,3,0,0,0,0,0,0,0,0,0,2,0,0,0,2,0,Guard,457588
LawsoTy01,Ty,Lawson,2009,DEN,Denver Nuggets,N,65,1316,542,42,82,124,203,48,2,82,89,390,201,140,106,83,34,Guard,1438680
LeeCo01,Courtney,Lee,2009,NJN,New Jersey Nets,N,71,2375,885,60,192,252,121,93,20,76,130,775,338,153,133,225,76,Guard,1264440
LeeDa02,David,Lee,2009,NYK,New York Knicks,N,81,3019,1640,228,721,949,295,85,40,189,257,1258,686,330,268,8,0,Center,7000000
LewisRa01,Rashard,Lewis,2009,ORL,Orlando Magic,N,72,2369,1013,62,256,318,107,78,28,108,180,805,350,180,145,423,168,Forward,18010784
LivinSh01,Shaun,Livingston,2009,TOT,All,N,36,796,250,16,62,78,129,17,11,58,61,201,104,48,42,6,0,Guard,566228
LopezBr01,Brook,Lopez,2009,NJN,New Jersey Nets,N,82,3027,1542,270,439,709,187,55,139,204,251,1129,563,509,416,2,0,Center,2255880
LopezRo01,Robin,Lopez,2009,PHO,Phoenix Suns,N,51,986,430,104,144,248,7,10,53,41,117,291,171,125,88,0,0,Center,1745520
LoveKe01,Kevin,Love,2009,MIN,Minnesota Timberwolves,N,60,1714,842,227,431,658,136,43,23,117,136,646,291,276,225,106,35,Forward,3401040
LowryKy01,Kyle,Lowry,2009,HOU,Houston Rockets,N,68,1651,620,91,156,247,305,60,9,116,173,464,184,260,215,136,37,Guard,2034996
MagloJa01,Jamaal,Magloire,2009,MIA,Miami Heat,N,36,359,77,41,80,121,1,9,11,17,59,56,28,59,21,0,0,Center,1187686
MahinIa01,Ian,Mahinmi,2009,SAS,San Antonio Spurs,N,26,165,101,13,39,52,2,3,8,15,32,55,35,47,31,0,0,Center,989670
MarioSh01,Shawn,Marion,2009,DAL,Dallas Mavericks,N,75,2385,898,158,319,477,107,69,61,99,141,778,395,139,105,19,3,Forward,6475068
MarksSe01,Sean,Marks,2009,NOH,New Orleans Hornets,N,14,75,10,14,9,23,2,0,3,2,17,8,4,5,2,0,0,Forward,1187686
MartiCa01,Cartier,Martin,2009,GSW,Golden State Warriors,N,10,276,90,17,30,47,9,8,0,13,36,88,32,21,16,31,10,Forward,86638
MartiKe01,Kenyon,Martin,2009,DEN,Denver Nuggets,N,58,1986,667,142,404,546,109,72,61,91,186,620,283,167,93,29,8,Forward,15613632
MartiKe02,Kevin,Martin,2009,HOU,Houston Rockets,N,24,859,510,9,61,70,54,23,2,57,45,354,154,185,171,100,31,Guard,10180168
MasonDe01,Desmond,Mason,2009,SAC,Sacramento Kings,N,5,66,13,4,9,13,2,1,1,4,5,12,5,4,3,0,0,Forward,69864
MasonRo01,Roger,Mason,2009,SAS,San Antonio Spurs,N,79,1515,501,11,151,162,137,30,14,59,99,496,193,34,27,264,88,Guard,3780000
MatthWe02,Wesley,Matthews,2009,UTA,Utah Jazz,N,82,2025,769,50,141,191,124,64,15,93,152,565,273,193,160,165,63,Guard,457588
MaxieJa01,Jason,Maxiell,2009,DET,Detroit Pistons,N,76,1550,513,161,240,401,39,36,38,68,175,415,212,155,89,1,0,Forward,5000000
MaynoEr01,Eric,Maynor,2009,OKC,Oklahoma City Thunder,N,55,906,248,11,80,91,185,27,8,57,82,235,102,39,27,47,17,Guard,1318920
MayoOJ01,O.J.,Mayo,2009,MEM,Memphis Grizzlies,N,82,3113,1432,61,250,311,242,98,17,176,174,1183,542,262,212,355,136,Guard,4638600
MaySe01,Sean,May,2009,SAC,Sacramento Kings,N,37,331,123,20,50,70,17,12,7,19,46,111,51,32,21,4,0,Forward,825497
MbahLu01,Luc,Mbah a Moute,2009,MIL,Milwaukee Bucks,N,73,1866,453,171,229,400,81,60,39,70,181,369,177,133,93,17,6,Forward,736420
McGeeJa01,JaVale,McGee,2009,WAS,Washington Wizards,N,60,968,386,88,155,243,14,16,101,51,122,307,156,116,74,1,0,Center,1496640
McGraTr01,Tracy,McGrady,2009,NYK,New York Knicks,N,24,627,226,22,67,89,93,15,12,43,38,216,84,57,43,62,15,Guard,22483120
McGuiDo01,Dominic,McGuire,2009,SAC,Sacramento Kings,N,10,67,8,6,12,18,3,1,1,7,3,12,4,2,0,0,0,Forward,825497
McRobJo01,Josh,McRoberts,2009,IND,Indiana Pacers,N,42,524,179,40,87,127,44,17,16,19,74,146,76,38,19,23,8,Forward,825497
MeeksJo01,Jodie,Meeks,2009,PHI,Philadelphia 76ers,N,19,233,112,4,23,27,17,5,1,5,19,91,40,18,13,50,19,Guard,650000
MensaPo01,Pops,Mensah-Bonsu,2009,TOT,ALL,N,20,120,39,16,19,35,3,4,9,10,20,33,13,24,13,0,0,Forward,344767
MilesCJ01,C.J.,Miles,2009,UTA,Utah Jazz,N,63,1497,622,42,126,168,105,58,17,81,190,562,241,95,66,217,74,Forward,3700000
MilicDa01,Darko,Milicic,2009,MIN,Minnesota Timberwolves,N,24,614,199,42,91,133,43,18,33,33,75,187,92,28,15,1,0,Center,7540000
MilleAn02,Andre,Miller,2009,POR,Portland Trail Blazers,N,82,2500,1146,81,185,266,445,93,9,173,169,908,404,392,322,80,16,Guard,6730800
MilleBr01,Brad,Miller,2009,CHI,Chicago Bulls,N,82,1950,719,83,316,399,154,44,29,107,189,581,250,220,182,132,37,Center,12250000
MilleMi01,Mike,Miller,2009,WAS,Washington Wizards,N,54,1805,586,55,281,336,213,39,12,115,131,433,217,85,70,171,82,Guard,9880552
MillsPa01,Paul,Millsap,2009,UTA,Utah Jazz,N,82,2277,954,186,373,559,131,64,99,116,285,716,385,264,183,9,1,Forward,7692392
MillsPa02,Patrick,Mills,2009,POR,Portland Trail Blazers,N,10,38,26,1,1,2,5,0,0,4,6,24,10,7,4,4,2,Guard,457588
MohamNa01,Nazr,Mohammed,2009,CHR,Charlotte Bobcats,N,58,984,459,114,190,304,28,15,43,53,105,342,189,125,81,0,0,Center,6466600
MoonJa01,Jamario,Moon,2009,CLE,Cleveland Cavaliers,N,61,1052,296,26,165,191,49,34,30,23,69,247,114,45,36,100,32,Forward,3000000
MooreMi01,Mikki,Moore,2009,GSW,Golden State Warriors,N,23,406,115,26,43,69,36,5,13,21,60,90,54,11,7,0,0,Forward,1306455
MorriRa01,Randolph,Morris,2009,ATL,Atlanta Hawks,N,28,124,62,10,28,38,2,5,3,12,34,41,23,27,16,0,0,Center,855189
MorroAn01,Anthony,Morrow,2009,GSW,Golden State Warriors,N,69,2018,899,61,198,259,104,65,16,84,158,703,329,114,101,307,140,Guard,736420
MulleBy01,Byron,Mullens,2009,OKC,Oklahoma City Thunder,N,13,54,14,3,7,10,1,2,0,4,13,19,7,0,0,0,0,Center,1120200
MurphTr01,Troy,Murphy,2009,IND,Indiana Pacers,N,72,2344,1050,129,608,737,150,72,34,100,175,813,384,193,154,333,128,Forward,11047616
NajerEd01,Eduardo,Najera,2009,DAL,Dallas Mavericks,N,33,481,108,22,55,77,14,17,12,13,61,93,42,12,8,47,16,Forward,3000000
NashSt01,Steve,Nash,2009,PHO,Phoenix Suns,N,81,2660,1333,34,234,268,892,42,12,295,108,985,499,225,211,291,124,Guard,13125000
NelsoJa01,Jameer,Nelson,2009,ORL,Orlando Magic,N,65,1860,818,26,168,194,353,48,2,139,147,706,317,116,98,226,86,Guard,7600000
NesteRa01,Rasho,Nesterovic,2009,TOR,Toronto Raptors,N,42,413,163,37,52,89,25,10,17,16,54,149,81,5,1,0,0,Center,1990000
NoahJo01,Joakim,Noah,2009,CHI,Chicago Bulls,N,64,1925,687,220,485,705,132,32,100,117,198,520,262,219,163,0,0,Center,2445680
NovakSt01,Steve,Novak,2009,LAC,Los Angeles Clippers,N,54,362,113,1,32,33,6,7,2,2,21,108,42,9,7,71,22,Forward,797581
NowitDi01,Dirk,Nowitzki,2009,DAL,Dallas Mavericks,N,81,3039,2027,80,540,620,218,70,79,149,208,1496,720,586,536,121,51,Forward,19795712
ObryaPa01,Patrick,O'Bryant,2009,TOR,Toronto Raptors,N,11,51,19,2,9,11,1,2,4,5,12,15,8,6,3,1,0,Center,855189
OdenGr01,Greg,Oden,2009,POR,Portland Trail Blazers,N,21,502,233,64,114,178,19,8,48,39,84,152,92,64,49,0,0,Center,5361240
OdomLa01,Lamar,Odom,2009,LAL,Los Angeles Lakers,N,82,2585,882,184,618,802,267,75,59,150,227,739,342,202,140,182,58,Forward,14148592
OkafoEm01,Emeka,Okafor,2009,NOH,New Orleans Hornets,N,82,2370,850,251,491,742,55,54,127,111,218,656,348,274,154,0,0,Center,10538936
OkurMe01,Mehmet,Okur,2009,UTA,Utah Jazz,N,73,2149,988,132,383,515,119,38,81,127,223,775,355,239,196,213,82,Center,9000000
OllieKe01,Kevin,Ollie,2009,OKC,Oklahoma City Thunder,N,25,263,44,3,22,25,20,9,0,6,16,45,18,8,8,1,0,Guard,1306455
ONeaJe01,Jermaine,O'Neal,2009,MIA,Miami Heat,N,70,1991,950,124,362,486,92,25,95,125,212,745,394,225,162,2,0,Center,23016000
ONeaSh01,Shaquille,O'Neal,2009,CLE,Cleveland Cavaliers,N,53,1240,636,93,262,355,80,15,62,105,169,463,262,226,112,1,0,Center,21000000
OutlaTr01,Travis,Outlaw,2009,POR,Portland Trail Blazers,N,11,231,109,13,25,38,8,7,8,12,13,101,38,24,21,31,12,Forward,4000000
PachuZa01,Zaza,Pachulia,2009,ATL,Atlanta Hawks,N,78,1089,333,117,176,293,42,37,30,58,186,246,120,143,93,4,0,Center,4750000
PargoJa01,Jannero,Pargo,2009,CHI,Chicago Bulls,N,63,828,344,9,69,78,89,29,2,50,68,381,132,45,42,138,38,Guard,1990000
ParkeAn01,Anthony,Parker,2009,CLE,Cleveland Cavaliers,N,81,2289,595,30,201,231,157,63,18,71,151,475,206,95,75,261,108,Guard,2644230
ParkeTo01,Tony,Parker,2009,SAS,San Antonio Spurs,N,56,1728,894,7,128,135,317,29,8,149,96,716,349,246,186,34,10,Guard,12600000
PaulCh01,Chris,Paul,2009,NOH,New Orleans Hornets,N,45,1712,841,20,171,191,480,96,8,112,118,637,314,190,161,127,52,Guard,13520496
PavloSa01,Sasha,Pavlovic,2009,MIN,Minnesota Timberwolves,N,71,877,263,12,105,117,58,23,6,53,84,300,109,26,10,118,35,Guard,1500000
PecheOl01,Oleksiy,Pecherov,2009,MIN,Minnesota Timberwolves,N,44,447,197,32,92,124,11,9,14,32,55,188,77,32,29,52,14,Center,1547640
PendeJe02,Jeff,Pendergraph,2009,POR,Portland Trail Blazers,N,39,405,104,25,73,98,1,7,16,12,76,65,43,20,18,0,0,Forward,457588
PerkiKe01,Kendrick,Perkins,2009,BOS,Boston Celtics,N,78,2154,791,155,440,595,80,26,132,165,219,522,314,280,163,3,0,Center,4750000
PeterMo01,Morris,Peterson,2009,NOH,New Orleans Hornets,N,46,973,327,17,109,126,42,25,5,27,81,301,116,54,33,171,62,Guard,5800000
PetroJo01,Johan,Petro,2009,DEN,Denver Nuggets,N,36,435,122,32,97,129,14,10,13,23,80,101,54,21,14,1,0,Center,884881
PiercPa01,Paul,Pierce,2009,BOS,Boston Celtics,N,71,2411,1296,39,271,310,218,84,31,166,196,867,409,433,369,263,109,Forward,19795712
PietrMi01,Mickael,Pietrus,2009,ORL,Orlando Magic,N,75,1687,651,39,176,215,49,53,31,69,138,539,233,109,69,306,116,Guard,5292000
PoseyJa01,James,Posey,2009,NOH,New Orleans Hornets,N,77,1731,399,32,297,329,117,42,19,51,204,345,126,80,66,242,81,Forward,6031800
PoweLe01,Leon,Powe,2009,CLE,Cleveland Cavaliers,N,20,236,79,19,42,61,0,6,2,11,36,49,21,63,37,0,0,Forward,855189
PowelJo01,Josh,Powell,2009,LAL,Los Angeles Lakers,N,63,581,169,44,72,116,35,9,6,33,71,194,71,31,20,16,7,Forward,854957
PriceAJ01,A.J.,Price,2009,IND,Indiana Pacers,N,56,865,410,12,76,88,106,35,3,59,53,354,145,75,60,174,60,Guard,457588
PriceRo01,Ronnie,Price,2009,UTA,Utah Jazz,N,60,806,255,28,46,74,123,40,13,56,109,242,98,59,41,63,18,Guard,1250000
PrincTa01,Tayshaun,Prince,2009,DET,Detroit Pistons,N,49,1664,661,71,177,248,161,34,22,60,77,580,282,98,70,73,27,Forward,10324376
PrzybJo01,Joel,Przybilla,2009,POR,Portland Trail Blazers,N,30,681,123,72,166,238,8,8,43,39,95,86,45,51,33,0,0,Center,6857724
QuinnCh01,Chris,Quinn,2009,NJN,New Jersey Nets,N,25,223,56,1,15,16,29,9,1,10,15,56,20,6,6,32,10,Guard,1074702
RadmaVl01,Vladimir,Radmanovic,2009,GSW,Golden State Warriors,N,33,758,217,43,106,149,38,26,6,39,79,231,89,21,16,86,23,Forward,6466600
RandoAn01,Anthony,Randolph,2009,GSW,Golden State Warriors,N,33,749,384,73,142,215,42,28,51,49,92,309,137,136,109,5,1,Forward,1837560
RandoSh01,Shavlik,Randolph,2009,POR,Portland Trail Blazers,N,3,6,4,0,1,1,1,0,0,1,0,3,1,2,2,0,0,Forward,98539
RandoZa01,Zach,Randolph,2009,MEM,Memphis Grizzlies,N,81,3051,1681,330,620,950,149,80,34,174,226,1336,652,465,362,52,15,Forward,16000000
RatliTh01,Theo,Ratliff,2009,CHR,Charlotte Bobcats,N,28,624,144,44,73,117,16,9,43,25,60,116,54,46,36,0,0,Center,1306455
ReddMi01,Michael,Redd,2009,MIL,Milwaukee Bucks,N,18,492,215,11,43,54,39,19,2,15,24,213,75,66,47,60,18,Guard,17040000
RedicJJ01,J.J.,Redick,2009,ORL,Orlando Magic,N,82,1808,788,17,138,155,158,28,4,63,118,553,243,222,191,274,111,Guard,2839408
RichaCh01,Chris,Richard,2009,CHI,Chicago Bulls,N,18,224,37,19,40,59,7,8,4,14,50,29,15,11,7,0,0,Forward,276841
RichaJa01,Jason,Richardson,2009,PHO,Phoenix Suns,N,79,2485,1239,81,323,404,143,66,33,92,169,998,473,184,136,400,157,Guard,13333328
RichaQu01,Quentin,Richardson,2009,MIA,Miami Heat,N,76,2082,678,64,310,374,93,70,18,62,169,561,242,71,52,358,142,Forward,8700000
RidnoLu01,Luke,Ridnour,2009,MIL,Milwaukee Bucks,N,82,1759,852,24,119,143,324,54,7,106,182,686,328,140,127,181,69,Guard,6500000
RobinNa01,Nate,Robinson,2009,BOS,Boston Celtics,N,26,382,170,5,33,38,51,22,0,20,50,157,63,13,8,87,36,Guard,4000000
RodriSe01,Sergio,Rodriguez,2009,NYK,New York Knicks,N,27,531,200,9,30,39,91,21,2,55,38,161,79,31,25,49,17,Guard,1892035
RondoRa01,Rajon,Rondo,2009,BOS,Boston Celtics,N,81,2963,1110,100,260,360,794,189,11,246,198,904,459,282,175,80,17,Guard,2094922
RoseDe01,Derrick,Rose,2009,CHI,Chicago Bulls,N,78,2871,1619,65,228,293,469,57,27,217,96,1373,672,338,259,60,16,Guard,5184480
RoyBr01,Brandon,Roy,2009,POR,Portland Trail Blazers,N,65,2419,1398,73,212,285,305,61,16,129,136,1038,491,440,343,221,73,Guard,3910816
RushBr01,Brandon,Rush,2009,IND,Indiana Pacers,N,82,2491,774,41,305,346,112,56,65,93,159,702,297,89,56,302,124,Guard,1934160
SalmoJo01,John,Salmons,2009,MIL,Milwaukee Bucks,N,30,1129,596,17,79,96,98,34,4,53,65,443,207,158,137,117,45,Forward,6429148
ScalaBr01,Brian,Scalabrine,2009,BOS,Boston Celtics,N,52,472,78,9,39,48,27,9,4,17,59,85,29,6,4,49,16,Forward,3413792
ScolaLu01,Luis,Scola,2009,HOU,Houston Rockets,N,82,2671,1329,175,530,705,169,63,26,163,246,1090,560,267,208,5,1,Forward,3383332
SefolTh01,Thabo,Sefolosha,2009,OKC,Oklahoma City Thunder,N,82,2348,489,76,311,387,145,97,46,90,154,441,194,89,60,131,41,Forward,2759628
SessiRa01,Ramon,Sessions,2009,MIN,Minnesota Timberwolves,N,82,1732,674,58,156,214,258,55,5,137,137,555,253,233,167,15,1,Guard,3670666
SimmoBo01,Bobby,Simmons,2009,NJN,New Jersey Nets,N,23,395,122,11,52,63,15,15,3,19,52,117,42,20,18,63,20,Forward,10560000
SinglJa01,James,Singleton,2009,WAS,Washington Wizards,N,32,766,195,91,130,221,22,17,36,37,82,190,73,56,47,15,2,Center,1030189
SkinnBr01,Brian,Skinner,2009,LAC,Los Angeles Clippers,N,16,123,26,9,18,27,0,3,4,7,20,25,10,8,6,0,0,Forward,1262275
SmithJa02,Jason,Smith,2009,PHI,Philadelphia 76ers,N,56,658,189,54,81,135,33,21,28,35,110,174,75,42,29,29,10,Forward,1418880
SmithJo01,Joe,Smith,2009,ATL,Atlanta Hawks,N,64,592,194,66,91,157,21,6,19,22,95,193,77,48,39,7,1,Forward,1306455
SmithJo03,Josh,Smith,2009,ATL,Atlanta Hawks,N,81,2871,1269,223,482,705,342,130,173,198,240,999,504,422,261,7,0,Forward,10800000
SmithJR01,J.R.,Smith,2009,DEN,Denver Nuggets,N,75,2076,1156,28,206,234,183,99,20,139,174,1033,428,201,142,467,158,Guard,5508424
SongaDa01,Darius,Songaila,2009,NOH,New Orleans Hornets,N,75,1410,543,59,173,232,70,62,14,81,206,488,241,74,60,6,1,Forward,4526000
SpeigMa01,Marreese,Speights,2009,PHI,Philadelphia 76ers,N,62,1016,532,85,167,252,36,29,34,51,152,444,212,145,108,5,0,Forward,1658280
StackJe01,Jerry,Stackhouse,2009,MIL,Milwaukee Bucks,N,42,855,358,19,81,100,70,21,9,66,56,316,129,69,55,130,45,Guard,676283
SteveDe01,DeShawn,Stevenson,2009,DAL,Dallas Mavericks,N,24,267,49,4,22,26,12,5,1,6,23,60,17,10,7,25,8,Guard,3883928
StojaPe01,Peja,Stojakovic,2009,NOH,New Orleans Hornets,N,62,1947,784,39,188,227,92,48,5,56,83,688,278,107,96,352,132,Forward,13392000
StoudAm01,Amare,Stoudemire,2009,PHO,Phoenix Suns,N,82,2838,1896,230,502,732,82,52,83,213,281,1264,704,632,487,6,1,Forward,15070544
StuckRo01,Rodney,Stuckey,2009,DET,Detroit Pistons,N,73,2499,1215,67,214,281,348,101,12,163,205,1109,449,359,299,79,18,Guard,1805040
SummeDa01,DaJuan,Summers,2009,DET,Detroit Pistons,N,44,405,134,14,31,45,16,8,7,16,52,130,46,38,27,42,15,Forward,457588
TayloJe02,Jermaine,Taylor,2009,HOU,Houston Rockets,N,31,303,128,21,25,46,16,10,3,19,15,119,45,46,33,22,5,Guard,750000
TeaguJe01,Jeff,Teague,2009,ATL,Atlanta Hawks,N,71,719,228,5,62,67,122,34,11,50,82,227,90,49,41,32,7,Guard,1373880
TelfaSe01,Sebastian,Telfair,2009,CLE,Cleveland Cavaliers,N,4,77,39,0,4,4,12,2,0,6,6,35,16,6,5,9,2,Guard,2500000
TemplGa02,Garrett,Temple,2009,TOT,all,N,27,334,136,6,25,31,21,13,6,27,42,101,44,50,35,37,13,Guard and Forward,177652
TerryJa01,Jason,Terry,2009,DAL,Dallas Mavericks,N,77,2540,1280,19,121,140,292,94,17,109,142,1041,456,268,232,373,136,Guard,9575000
ThabeHa01,Hasheem,Thabeet,2009,MEM,Memphis Grizzlies,N,68,883,208,85,158,243,11,15,89,43,162,131,77,93,54,0,0,Center,4458840
ThomaEt01,Etan,Thomas,2009,OKC,Oklahoma City Thunder,N,23,321,75,18,46,64,1,4,16,18,39,68,31,22,13,0,0,Center,7354500
ThomaKe01,Kenny,Thomas,2009,SAC,Sacramento Kings,N,26,313,41,35,51,86,15,10,10,17,42,35,17,12,7,0,0,Forward,8775000
ThomaKu01,Kurt,Thomas,2009,MIL,Milwaukee Bucks,N,70,1049,210,84,207,291,47,26,46,48,159,208,99,15,12,0,0,Center,3800000
ThomaTy01,Tyrus,Thomas,2009,CHR,Charlotte Bobcats,N,25,542,252,39,113,152,23,23,37,40,65,215,95,85,62,2,0,Forward,4743596
ThompJa02,Jason,Thompson,2009,SAC,Sacramento Kings,N,75,2357,939,224,413,637,124,41,73,139,279,784,370,277,198,10,1,Forward,2035920
ThornAl01,Al,Thornton,2009,WAS,Washington Wizards,N,24,674,256,31,71,102,29,20,13,36,62,216,100,72,50,17,6,Forward,1900200
ThornMa01,Marcus,Thornton,2009,NOH,New Orleans Hornets,N,73,1872,1057,72,139,211,113,58,11,76,127,883,398,177,144,313,117,Guard,457588
TolliAn01,Anthony,Tolliver,2009,POR,Portland Trail Blazers,N,2,4,0,0,1,1,0,0,0,0,1,1,0,0,0,1,0,Forward,56314
TuckeAl02,Alando,Tucker,2009,MIN,Minnesota Timberwolves,N,4,25,8,1,2,3,1,0,0,1,1,9,4,0,0,0,0,Forward,1071720
TuriaRo01,Ronny,Turiaf,2009,GSW,Golden State Warriors,N,42,872,207,54,137,191,90,23,54,49,98,146,85,78,37,1,0,Forward,4200000
TurkoHi01,Hedo,Turkoglu,2009,TOR,Toronto Raptors,N,74,2272,835,42,301,343,304,55,32,125,220,674,276,226,175,289,108,Forward,9000000
UdokaIm01,Ime,Udoka,2009,SAC,Sacramento Kings,N,69,944,250,51,140,191,58,34,6,42,83,241,91,57,42,91,26,Forward,902693
UdrihBe01,Beno,Udrih,2009,SAC,Sacramento Kings,N,79,2477,1023,38,181,219,372,89,10,136,166,841,415,141,118,199,75,Guard,6031800
UkicRo01,Roko,Ukic,2009,MIL,Milwaukee Bucks,N,13,97,40,0,3,3,12,1,0,6,6,30,14,11,9,12,3,Guard,571765
VarejAn01,Anderson,Varejao,2009,CLE,Cleveland Cavaliers,N,76,2166,651,189,389,578,87,71,67,67,223,467,267,175,116,5,1,Center,6363636
VillaCh01,Charlie,Villanueva,2009,DET,Detroit Pistons,N,78,1848,931,85,280,365,53,48,55,74,223,827,363,130,106,282,99,Forward,6500000
VujacSa01,Sasha,Vujacic,2009,LAL,Los Angeles Lakers,N,67,575,185,25,54,79,41,20,4,17,67,164,66,33,28,81,25,Guard,4524884
WadeDw01,Dwyane,Wade,2009,MIA,Miami Heat,N,77,2792,2045,107,266,373,501,142,82,252,181,1511,719,702,534,243,73,Guard,15779912
WalkeBi01,Bill,Walker,2009,NYK,New York Knicks,N,27,739,321,15,68,83,37,23,3,26,79,226,117,47,37,116,50,Guard,736420
WallaBe01,Ben,Wallace,2009,DET,Detroit Pistons,N,69,1975,381,245,352,597,105,86,84,64,131,292,158,160,65,2,0,Center,1306455
WallaGe01,Gerald,Wallace,2009,CHR,Charlotte Bobcats,N,76,3119,1386,150,612,762,161,117,83,178,194,943,456,544,422,140,52,Forward,9500000
WallaRa01,Rasheed,Wallace,2009,BOS,Boston Celtics,N,79,1780,710,42,283,325,80,80,70,63,222,650,266,125,96,290,82,Center,5854000
WaltoLu01,Luke,Walton,2009,LAL,Los Angeles Lakers,N,29,272,69,12,26,38,40,10,1,12,19,84,30,4,2,17,7,Forward,4420000
WarriHa01,Hakim,Warrick,2009,CHI,Chicago Bulls,N,28,533,243,40,62,102,17,7,8,23,43,172,83,102,77,1,0,Forward,3000000
WatsoCJ01,C.J.,Watson,2009,GSW,Golden State Warriors,N,65,1788,667,28,141,169,180,103,8,69,124,528,247,166,128,145,45,Guard,1000497
WatsoEa01,Earl,Watson,2009,IND,Indiana Pacers,N,79,2322,619,54,186,240,399,104,16,175,181,524,223,169,120,184,53,Guard,2800000
WeaveKy01,Kyle,Weaver,2009,OKC,Oklahoma City Thunder,N,12,144,36,1,17,18,11,6,6,4,13,33,12,6,5,19,7,Guard,870968
WeemsSo01,Sonny,Weems,2009,TOR,Toronto Raptors,N,69,1368,518,42,150,192,101,39,25,65,126,458,236,64,44,15,2,Guard,736420
WestbRu01,Russell,Westbrook,2009,OKC,Oklahoma City Thunder,N,82,2813,1322,143,258,401,652,108,34,268,204,1160,485,422,329,104,23,Guard,3755640
WestDa01,David,West,2009,NOH,New Orleans Hornets,N,81,2949,1541,164,441,605,239,76,60,173,233,1226,619,342,296,27,7,Forward,9075000
WestDe01,Delonte,West,2009,CLE,Cleveland Cavaliers,N,60,1500,528,29,140,169,196,55,28,90,86,436,194,142,115,77,25,Guard,4254248
WestMa02,Mario,West,2009,ATL,Atlanta Hawks,N,39,142,30,8,19,27,9,8,0,7,25,21,12,10,6,1,0,Guard,456452
WhiteDJ01,D.J.,White,2009,OKC,Oklahoma City Thunder,N,12,102,59,10,13,23,4,5,3,3,12,41,25,10,9,0,0,Forward,1036440
WilcoCh01,Chris,Wilcox,2009,DET,Detroit Pistons,N,34,441,152,44,73,117,13,13,12,38,64,120,63,52,26,0,0,Forward,3000000
WilkiDa02,Damien,Wilkins,2009,MIN,Minnesota Timberwolves,N,80,1585,451,72,177,249,135,66,25,76,144,381,165,129,103,61,18,Guard,3300000
WilksMi01,Mike,Wilks,2009,OKC,Oklahoma City Thunder,N,4,59,16,1,3,4,4,0,0,4,5,12,6,4,2,3,2,Guard,152329
WilliDe01,Deron,Williams,2009,UTA,Utah Jazz,N,76,2802,1419,50,253,303,798,96,16,252,208,1053,494,418,335,259,96,Guard,13520496
WilliJa02,Jason,Williams,2009,ORL,Orlando Magic,N,82,1703,493,7,119,126,298,53,3,87,65,426,189,41,31,221,84,Guard,1306455
WilliJa04,Jawad,Williams,2009,CLE,Cleveland Cavaliers,N,54,742,224,16,67,83,34,12,5,18,73,206,81,45,32,93,30,Forward,736420
WilliLo02,Louis,Williams,2009,PHI,Philadelphia 76ers,N,64,1912,898,25,162,187,268,80,15,106,110,677,318,233,192,206,70,Guard,4972500
WilliMa01,Mo,Williams,2009,CLE,Cleveland Cavaliers,N,69,2359,1092,28,178,206,368,70,21,173,170,855,378,198,177,371,159,Guard,8860000
WilliMa02,Marvin,Williams,2009,ATL,Atlanta Hawks,N,81,2468,820,106,310,416,93,66,46,72,160,664,302,215,176,132,40,Forward,7500000
WilliRe02,Reggie,Williams,2009,GSW,Golden State Warriors,N,24,782,365,18,92,110,66,22,6,29,49,283,140,62,52,92,33,Guard,121226
WilliSe01,Sean,Williams,2009,NJN,New Jersey Nets,N,20,227,52,21,25,46,1,8,19,20,41,49,21,19,10,1,0,Forward,1629120
WilliSh03,Shelden,Williams,2009,BOS,Boston Celtics,N,54,597,201,47,99,146,21,13,21,30,85,121,63,98,75,1,0,Forward,855189
WilliTe01,Terrence,Williams,2009,NJN,New Jersey Nets,N,78,1764,656,46,302,348,223,43,10,124,126,651,261,144,103,100,31,Forward,2060040
WrighAn01,Antoine,Wright,2009,TOR,Toronto Raptors,N,67,1392,435,38,152,190,71,30,11,58,134,399,162,77,53,173,58,Guard,1800000
WrighDo01,Dorell,Wright,2009,MIA,Miami Heat,N,72,1496,510,50,185,235,91,52,32,53,94,419,194,69,61,157,61,Forward,2612834
WrighJu01,Julian,Wright,2009,NOH,New Orleans Hornets,N,68,871,259,58,86,144,41,29,18,44,45,232,116,41,25,6,2,Forward,2000040
YoungNi01,Nick,Young,2009,WAS,Washington Wizards,N,74,1421,639,20,82,102,48,28,8,56,147,558,233,130,104,170,69,Guard,1714800
YoungSa01,Sam,Young,2009,MEM,Memphis Grizzlies,N,80,1321,595,77,124,201,52,34,20,94,106,497,224,175,136,56,11,Forward,824200
YoungTh01,Thaddeus,Young,2009,PHI,Philadelphia 76ers,N,67,2145,926,130,220,350,97,81,15,126,133,813,382,165,114,138,48,Forward,2105400
